accountid,website
8EBHM,http://johnson.com/explore/home/
7WHJR,https://www.campbell.com/
GZ97S,https://rodriguez-hoffman.info/category/posts/privacy/
NL2WY,https://hall-wilson.com/explore/category.htm
F1G3J,http://www.lozano.com/
JWXSS,https://burch.com/search/
1JA6J,http://www.berry.com/
LZAU3,http://www.taylor.biz/
E189I,https://byrd-davidson.org/
K99E6,https://griffin.net/category.jsp
X9W2Z,https://www.gonzalez-lopez.com/register.html
SHKRM,https://booth.com/blog/tags/categories/main.asp
O0KP9,https://robinson-rhodes.com/privacy.html
6F0TV,https://www.reed-mack.com/terms.html
8X3PV,http://scott.com/register.asp
OPGY0,http://www.dawson.info/search/explore/category/home/
BF3QQ,https://www.melton.biz/privacy/
EJ2DW,https://wilson-jacobs.com/post.htm
VJL5E,https://lutz.com/about/
426K8,https://walton.com/tag/about.html
T21O4,https://eaton.org/
U29GK,http://mcknight.biz/
VRWGT,https://www.wade.com/blog/tags/category.html
G6UPG,http://www.clements-kim.com/
7B5PR,https://www.goodwin-holland.com/homepage.php
Q17SE,https://williams.net/
A7G8C,http://www.robinson.org/
08KUN,
3XOCG,
RBL4D,
19J34,
FUAY0,
9X7GU,
QLECR,
DPGAP,
G60H0,
K3MXR,
N5X40,
UOQ2K,
RJWPA,
8VI0V,
EJ8AM,https://hamilton-vincent.com/privacy/
P8UOK,http://www.miller.info/home/
X7OBY,http://cole.biz/post/
87BU7,http://www.leblanc.com/faq.php
92I2Y,http://www.browning.com/
PBHFC,https://www.sosa.com/
M63IT,http://www.jackson.org/blog/main/
WUSF0,http://www.king.com/
6NS86,http://pineda.com/category/
1H9CX,https://www.friedman.com/about.html
4DGUK,http://www.forbes-obrien.org/tags/app/tag/home.html
NJYKN,http://greene-west.com/category/tags/main.php
4L0BA,https://www.rodgers.com/blog/wp-content/login/
YRL14,http://www.nguyen-murphy.com/category.htm
0ZJZT,http://bryan.com/category/
8AOIB,https://hays.biz/
BW3MU,http://patterson.com/register/
YDQ24,http://bell.com/faq/
PV7VX,http://www.evans.com/
86J10,http://jackson.info/
O8YYV,http://campbell-walker.info/
DNCLE,https://moore.org/list/author.php
C0UHU,http://www.park.com/explore/main/login.html
CTMHY,http://stevens.biz/app/search/category/category/
CA969,http://www.avila.com/category.php
JY3X4,https://houston-hill.com/privacy.asp
QFR1K,http://www.hoffman.com/privacy.php
BL4U8,http://sims.net/main/
AWXDQ,http://www.fisher.com/search.php
IJI6N,https://www.johnson-gibson.com/
BHDQW,http://www.grimes.com/about.html
CGC2X,https://www.hester.info/author.asp
DW4SG,
PCL39,
GLVQG,
BBHBZ,
3S3MN,
YDZC3,
UBB1Y,
N169E,
V2EVU,
VX9SU,
GOW8W,
QR19G,
Q1X68,
7T5MJ,
WHC3M,
SAZF9,
WPI4A,
87CKX,
CCMQG,
6FWZI,
46YCO,
ZTLSE,
ISPDE,
9R01Y,
Q6RDS,
T40C2,
5XI94,
IJ61L,
HFAMO,
519G2,
K3UHS,
DRNO4,http://www.lamb.net/privacy.html
OE791,https://www.villegas.com/faq.php
VJV2D,https://www.shepherd.com/list/home.html
LAAAV,http://www.waller.com/
G7ZYX,https://meyer.com/tags/wp-content/category/
DDZV9,https://fuentes.biz/
PQEAZ,http://sandoval.com/category.php
4OUJ8,http://ward.org/tag/search/post.htm
MQBSG,http://ramos.biz/category/faq.html
QMHWG,http://hicks.net/main/home/
PRBZA,http://deleon-ortiz.com/
P1ZUA,http://estrada.com/wp-content/about/
MJUC1,https://www.beasley.com/wp-content/tag/search.php
IH8AP,http://www.webb-davies.com/wp-content/category.html
JH82V,https://howard.com/register/
LBHMK,http://www.allen-rice.org/
7CIPO,http://www.bush-robertson.com/search/main.php
PVB4C,http://porter-james.biz/homepage/
0C7T4,http://www.green.org/categories/category/wp-content/home/
DAWJW,https://weaver.net/homepage.php
HYR8F,https://www.guzman.net/
0HGJC,http://www.johnston.com/login/
PHPNC,https://daugherty.biz/post/
IXU4J,https://white.com/
62876,https://www.owens-torres.com/homepage.asp
OFOQB,https://www.farmer.net/index/
G2W79,https://www.sutton.net/faq/
6A1CR,http://johnson.com/posts/homepage/
0BMS5,http://www.wilson-larson.com/terms/
AU687,https://www.cole.com/category.jsp
BX2PI,http://kelley-mejia.info/
CXDQI,http://doyle.com/faq.asp
P9Q6Y,https://durham-gordon.net/
LZLDV,https://murphy-bell.org/home.html
KYTZ7,http://hill.com/main/
K3VTH,https://www.thompson-brown.com/
20AR2,http://www.powers-west.com/homepage/
TYD9O,https://murphy.com/author/
Q0UI3,http://johnson-moss.com/explore/index.htm
TIQ1A,http://henderson.org/post/
ARWEB,https://williamson-scott.com/terms.asp
OZBPO,https://www.holder-wiley.com/
FWB4W,http://www.carroll.org/homepage.jsp
Y1GW1,http://rivera-perez.com/posts/posts/privacy.htm
1WI5Q,https://www.smith-patel.com/app/category/about/
Z49UX,https://young-boyd.com/search.asp
9CK79,http://johns-adams.com/homepage/
UDZHR,http://www.mcintosh.com/category/
4PJSD,https://rogers.org/categories/categories/category/register/
6KXC3,https://www.johnson.com/privacy/
PZXJ8,https://www.gill.com/post/
SW1FA,https://www.savage-wallace.com/terms.jsp
1QXIF,http://pratt.com/app/posts/homepage.htm
7VWUB,https://www.coleman.net/about.asp
6P3VN,http://www.jennings.com/
7E9AJ,http://www.spencer.com/index.htm
H7FKP,http://www.collins.org/search/
BK9EY,http://heath.com/posts/wp-content/search/index/
CYGAE,http://leon-clark.com/faq/
UFNUW,http://www.hicks.com/
RSBL9,https://www.smith-long.com/search/
QXXKB,https://kim.com/
HC0DY,http://www.young-farrell.info/post.jsp
3FKG7,https://vazquez-lambert.com/category/explore/blog/author.htm
7TOUB,https://fisher.com/main/
J4F6P,http://dalton.com/index.htm
T4T3I,https://www.johnson-moody.org/register/
SGSRE,https://horne.com/main/category.asp
XV9E8,https://knight-wilson.com/category/search/main/post/
3I68A,https://www.robinson-williamson.com/search/
0RNM3,https://www.chang-lewis.com/
4FD3N,https://www.garza.info/register.php
KVQRA,https://www.smith.net/explore/about.html
GPYLB,http://hicks.com/about/
QTM9A,http://www.matthews.com/category/faq.php
XZJXD,http://www.ortiz.biz/login.html
P8DKB,https://rice.org/tags/wp-content/search.html
4VDK3,https://www.patel-crawford.com/main/search/index.php
OTAU7,https://crawford.com/terms/
QCIEZ,https://www.morrow-walker.com/faq/
VW8H6,http://www.spencer.com/main/app/blog/homepage/
BV5DO,http://flores-mckay.org/
SNR6X,http://nicholson-hall.com/login.php
9ZP9F,https://smith-chase.net/explore/category/main/register.php
Y10ZO,http://www.baker.net/
P35EW,https://www.cruz.com/tag/search.htm
JEEP3,http://pearson-diaz.info/app/main/homepage/
FZ6BO,http://garcia.biz/category/explore/privacy/
WSHUH,http://www.shields.info/wp-content/main/
0WYR7,https://mcdonald.com/main/posts/about.jsp
078O0,http://www.sweeney.com/category/search/faq/
CAFPE,http://www.rivera.info/
J83G9,http://www.johnson.com/
8RY42,http://www.schmidt.com/categories/wp-content/category/index/
449OC,http://jacobson-goodwin.biz/
W3UYZ,https://gray-brown.com/homepage/
ZVZGY,http://young.info/terms/
6ZG2P,https://carter-roberts.com/post/
P4FIZ,http://kline.com/about/
L3VKI,http://harris.info/home.php
D7CK2,http://www.young.com/
FQUO1,http://robinson.com/
VWQZC,https://www.cain.com/categories/register.php
ME7DC,http://www.crawford.biz/categories/list/register/
LV4UC,http://palmer.org/main/blog/posts/faq/
X342E,http://www.vasquez.com/terms.jsp
EGA3T,https://love-hines.info/main/login.html
4UMXE,http://bryan-chapman.biz/categories/blog/wp-content/main.htm
SZXQH,https://williams.com/register/
L9Y33,http://wright.com/author.html
05M7F,http://www.fields-greene.com/terms.php
0V5C9,http://johnson-gilbert.com/
N8P04,http://www.meyer.com/app/author/
RM38H,https://beasley.com/post.htm
4I4WY,http://www.roberts-davis.info/categories/main/
BSJMW,http://www.dean.org/terms/
9WYAI,https://www.garcia.net/faq.html
SEOMV,http://www.dennis.info/blog/posts/homepage.jsp
69SJG,http://www.bartlett.org/
GQIZU,https://www.harmon.com/home/
SHGFE,http://davis.biz/faq.html
6WQ8P,http://haley.com/main/blog/about/
JZ1WL,https://perry.net/search/category/app/home/
JI8HS,https://www.stevens-gonzalez.net/tags/list/posts/author.asp
JCA8Q,https://www.miller.com/app/author/
UEVYS,https://www.davis.com/
KR138,https://day.org/
7.70E+30,http://www.porter.com/blog/search/
C9PS9,http://chapman.com/posts/index/
AP5ZX,https://www.moore.org/categories/categories/register.html
WJRLZ,http://salinas.com/author/
7IVK8,http://lane.com/privacy.asp
1VT3O,http://carr-doyle.com/post.html
6QJGV,http://short.com/
HH8AJ,https://www.wall-fernandez.net/main.html
G9Q2G,http://diaz.com/category/list/homepage/
3KLP3,https://moody.info/main/
DGX8H,https://www.mclaughlin.info/homepage/
2LVZE,http://www.stanley.com/search/search.html
W7QGR,https://arellano-west.biz/tags/register/
UP16N,http://www.carroll.biz/
VPIG7,https://webb-day.biz/
SB3L6,https://www.barnes-carr.org/
X1CL7,http://www.may-bell.biz/
BIVH0,https://barr-white.com/app/main/
EXO6D,https://miller.com/tags/index/
670AO,https://www.pacheco-lawson.com/privacy/
K52E6,http://robertson.com/homepage/
C78AR,https://brady-hunt.com/blog/tags/search/privacy/
5H4D3,https://hudson.com/
F98VS,https://hubbard.net/search/wp-content/search/author.php
JQY1C,http://www.hines.info/author/
549RZ,https://www.nixon.com/category/list/privacy/
P8UM4,http://www.davis.com/explore/tags/app/author.jsp
R7K4O,http://www.hernandez-clark.com/index.htm
QX1AY,http://frost-torres.com/search/home.html
G6G4D,https://jenkins.com/terms.php
DRBJ8,http://www.taylor-wallace.com/category/
CZ859,https://www.walker.com/blog/faq.jsp
LQ8DW,https://mckinney.net/post/
Y4HF3,http://sullivan.com/main/
6GSGP,https://ryan-williams.biz/author/
6RCV4,http://www.santos-schultz.net/category/category.html
231ZN,https://www.holland.com/
0R2KU,http://barr.biz/tags/blog/faq.asp
R8LB9,https://mcdonald.com/list/privacy/
FWVAJ,http://www.clark.com/explore/login.htm
6PA04,http://hill.org/main/categories/post/
BQ74R,http://carter-bell.org/
AXYFV,http://taylor-garza.info/
OETM3,http://www.brown.info/app/blog/privacy/
8K3RE,https://www.mullins-morris.com/search.php
3KCY4,https://www.gonzalez.biz/list/search/categories/login.htm
3LLAJ,https://www.howe-williams.com/main/explore/privacy/
TGD2Z,https://rodriguez-sampson.com/wp-content/blog/list/privacy/
IBCNI,https://parker-melton.info/explore/main/login/
152MD,https://robinson.com/categories/category/author.asp
07RB8,http://sanchez.org/main.html
H2NH0,http://www.barajas.com/
51WHM,https://www.mitchell-riddle.biz/login.htm
RVZRR,http://mack.com/posts/tag/about/
FUS1Y,https://wilson.net/
RPWW0,https://jackson-hall.com/list/blog/main/terms/
TH583,https://fowler-knight.com/explore/tag/login/
O83AN,https://www.hernandez.com/home.htm
WW2NM,https://smith.com/login.html
PB6Z6,http://www.blair.net/app/tags/main.htm
5PQAC,https://lawson-wilson.com/category/
MRY5A,http://www.roberts.com/faq.htm
I8U4Z,https://davis.com/
142WW,http://mccoy.info/login.jsp
5P7C4,https://thompson.org/author/
Z0LJU,http://www.hoover.net/tag/privacy/
WH1ZH,http://www.galloway-jones.org/register/
HSQAJ,http://www.jacobs.info/post/
ZXBS8,http://www.silva.info/homepage.htm
S3AB0,http://king.biz/privacy/
EBQH2,http://www.franklin-duncan.net/category/
WX9FX,https://www.berg.biz/
5MYGN,http://www.riddle-payne.org/
6LV2R,http://gray-chapman.com/
CUVCD,https://www.reyes.org/
T02WF,http://www.robinson.com/posts/posts/about/
FCQGQ,https://www.lynch.com/faq.htm
U3D5E,http://pearson.com/register.php
Q24R1,http://ward-davis.net/blog/categories/main/search/
J5PAC,https://mcneil.com/author.asp
7H518,http://www.mosley-kirk.com/main/wp-content/main/faq/
EDOMX,http://romero-kaufman.com/tags/index.htm
0Z2LJ,http://campbell.com/about/
2SZAM,http://summers.org/
Z5WLW,https://gonzalez.com/register/
4GR4S,http://www.gould.com/about/
QMNGC,https://www.day.com/homepage.php
CHM29,http://www.huffman.com/search/terms/
AZQD3,https://burton.org/login.php
AZB2M,https://www.rodriguez.com/homepage.html
9EN65,https://www.brandt.com/login/
0QEPM,https://www.jackson.com/explore/app/list/home/
V20LN,https://hart.com/search.asp
KSZOZ,https://barton.net/category.htm
FFZPQ,https://www.rivas.com/tag/search/about/
PRF6N,https://www.duarte-saunders.com/login/
3DEPB,https://bradford.com/category/
Y26NY,https://www.vasquez.com/faq/
CZOIF,https://www.jackson.com/index.jsp
L6USX,http://davis.net/
0HC1E,http://rosario-cox.com/categories/category/author.jsp
5NRYI,https://mcpherson.com/tags/app/search/category/
ARQJD,http://www.castaneda.com/
P283H,https://davis.org/category/
JCCF8,https://www.tran-davidson.com/about/
7ERSM,http://casey.com/search/search/categories/privacy.php
NKKLD,https://www.wells.com/login.htm
W2FN3,http://www.contreras-werner.com/faq/
O9NN6,http://swanson-cooper.info/privacy.html
22VQ9,http://www.white.org/tag/app/tags/terms/
8LJTP,https://www.porter-weber.com/list/tags/terms.html
XMWLA,http://www.padilla.com/author/
N7TIV,http://www.hicks.com/tag/tag/wp-content/main.htm
YAK94,https://mathews.com/search/category/categories/about.html
C8HL5,http://www.perry-osborne.com/homepage.jsp
7QINW,http://www.cooper.com/index/
FFBXJ,https://cruz.com/
6IPKS,https://harris.com/category/main.htm
G06XS,https://reyes.com/index.htm
GV6M6,https://www.smith.info/app/app/tags/post.html
E9K7C,https://www.cooper.org/category/
6KVU0,https://erickson.com/
8.59E+04,https://www.cardenas.net/home/
DBPO3,https://www.jackson-gentry.com/app/home/
UHYY9,https://roberson.com/faq.html
PINBW,http://www.taylor.biz/login.html
UFNZK,http://www.anderson.com/posts/tag/list/post/
ZLIUE,https://www.mcclain.com/list/tags/homepage.jsp
GVYOF,https://clark.com/
U98HN,https://christian.org/post/
L8LC6,https://reid.biz/category/search/tags/terms.html
XAY57,https://james-martinez.com/blog/main/faq/
NQP88,http://www.davis.com/main/author/
YFIBA,http://bell-carter.com/index/
1MXH9,http://www.martinez-davidson.org/privacy/
RYVDX,http://www.williams.com/privacy.htm
HVJUT,http://www.nelson-davis.info/
1VPD1,https://www.sawyer-thompson.com/homepage.php
XWXLZ,http://www.sherman.info/search.html
HQSNA,http://www.johnson-lindsey.com/
3K1ND,http://www.jackson-harris.com/posts/app/tags/home/
QWK5C,http://castaneda.net/category.jsp
0OWRH,https://thompson-smith.com/categories/blog/about/
BJLLH,https://www.wilson.com/posts/list/index.html
ET59G,https://knapp-jones.com/about.htm
A5WQ0,https://www.smith.net/register/
P0JA5,https://www.morgan.com/categories/posts/list/about.htm
KGD5Z,https://thomas.com/search/
QWEC7,https://zimmerman.org/
L4VJ1,http://elliott.org/blog/home.html
08WHX,https://church.info/register.html
87U6Q,https://rodriguez-pennington.info/explore/app/tags/search.html
8MZDC,http://contreras.info/tag/main/category/
LJNGC,https://jensen.biz/blog/categories/main.php
8Q3XK,https://www.garner.com/app/tag/home/
9FJ8S,http://www.morris.com/terms/
MABWW,https://www.kline.com/main.html
1149O,http://www.mayer.info/category/main/app/faq/
84ZNK,http://www.randall.biz/
IUWG8,https://graham-harris.info/home/
NJN0G,https://singh.org/tags/posts/search/index.php
OREG1,https://moore-shaw.com/post/
R5OOD,https://www.james-ward.com/main.asp
AWFGJ,http://smith-cox.com/
GQM6L,https://www.glover.com/
3QPJE,http://cochran.biz/category/index.html
TH5WQ,http://gilmore.com/author/
A0B31,https://www.bonilla-castaneda.com/posts/search/main/login.jsp
HQF90,https://moody.com/tags/category/search/search.php
2LOF1,https://gardner.net/search.html
K5CLT,http://www.price.org/index/
7W8YE,https://olson-meza.com/list/category/home.jsp
P3UIF,http://simmons.com/post.html
IP7TK,http://www.lang.com/
KVJNB,http://powell.com/
F5WTM,http://ali-hernandez.net/homepage.html
3O35F,https://www.haynes.biz/
36SYH,http://www.ortiz-riley.com/categories/author.html
FRH4L,http://hall.com/about.htm
Z6UIX,https://johnson.com/category.html
8F6ZS,http://www.lowe.com/
UADIT,http://www.lara.com/tags/posts/tags/main.jsp
85TQL,http://jacobs.org/search/list/about.htm
V87IG,https://griffin.org/home.jsp
C1NTG,https://nelson.com/
U5R93,http://kelley.info/
DZC76,http://gonzales-decker.com/author.asp
LC3OK,http://www.king.com/
TT1MJ,http://armstrong-sawyer.com/
GJK7R,https://lawson.org/tag/app/tag/about/
JUDOH,https://www.fischer.biz/blog/wp-content/wp-content/faq.htm
V5MBV,http://www.porter.com/index/
XU609,http://shepherd.com/main/
K2VIU,http://www.thompson.com/
TJ6FX,https://www.hughes.com/privacy.php
1HBQW,http://miranda.com/category/
6EBHW,http://mcgrath-martinez.org/main/posts/faq/
AADER,http://mathis.com/
UVBIT,https://www.blair.org/app/about/
MK3V5,http://www.becker.com/main/search/main/register/
NBQEK,https://grimes.com/home/
ZST93,http://www.walker-chandler.com/terms.html
1XG6O,
Y2ZFL,
C9XKL,
5JJX3,
29003,
NKNLM,
12TJH,
QWAWV,
1E2BT,
77KUY,
0YDV7,https://wright.com/tags/tag/homepage/
G558B,http://www.wheeler.com/categories/search/
L20JI,https://www.armstrong.com/privacy/
CVK2U,https://www.davis.com/posts/login/
3FLK5,http://www.cook.com/category.jsp
BKW17,https://hall.info/faq/
N3780,http://www.price.com/index.php
YA5CE,http://www.farley-vasquez.com/terms.jsp
NCDRU,http://www.daniels.com/
WDR82,http://reynolds.org/blog/category/categories/register/
3RNZG,http://www.cobb.com/category.php
3AFOH,http://www.martin-meadows.com/terms/
9CWE6,https://johnston-hunt.com/
RLY94,http://kirby-hicks.info/
UEAU3,http://huber-park.com/login/
DI0C5,http://west.com/
QR035,http://price.com/
8HSSP,http://cortez.net/index.htm
FXVJ8,https://alvarez-krueger.com/homepage/
3KFLS,https://www.gordon.com/
VZNU6,https://sanchez.com/search/
4CXZQ,http://www.prince.com/main.asp
HGTUB,https://goodwin.com/
M2HT6,https://flowers.com/post.html
R2YNB,https://mills-singleton.com/
GPJ8L,http://holmes.com/app/tag/author.php
FUR3X,https://ellis.com/index.htm
A34BI,https://lopez.biz/homepage/
QN99Y,https://www.wilson.com/author.asp
0X722,https://www.schaefer.com/main/author/
6K1RV,https://lee-smith.net/
4Z5VC,http://atkinson.org/app/register.htm
XYUHX,http://www.miller-krueger.com/
TJX73,https://thompson-white.com/register.html
SFE8H,http://www.gray-wagner.com/
67EYU,https://gibson.org/blog/tags/main/homepage.php
L18JT,https://campbell-massey.com/index/
KV5S9,https://www.delgado.com/tags/search.html
ZB7CT,http://hanson.com/main.asp
F1I7H,http://cox-mitchell.com/blog/blog/terms/
GKTCF,https://www.walker-parsons.biz/home.php
4MSI6,http://www.diaz-harris.info/main.asp
U4K0S,http://vincent.biz/home.asp
CA1H1,http://www.anderson.biz/search/terms/
LHRYU,http://crawford-garza.biz/
A8U7K,http://www.foster.com/app/search/register.php
VKCWC,https://brown-short.net/posts/wp-content/tag/register/
NW0RD,http://chaney.com/home/
0YU61,https://www.walker.org/
CJZRT,http://www.gonzales.org/posts/privacy.htm
9CR7S,http://rose-patterson.com/
YRTVH,https://www.mccoy.info/
NUPCW,https://www.carpenter-solis.com/
QQB6Q,https://www.blackburn.com/login.html
61A69,https://preston-hall.com/
V1RZB,http://www.adkins.com/login.jsp
3M1YI,https://www.bowman-haley.com/category.jsp
Q9QW3,http://www.jones.com/categories/search/app/faq/
D73LI,http://baldwin-campbell.com/main/blog/privacy.html
Y4RHZ,https://www.wolfe-flores.com/main.asp
FYQCT,http://www.king-lucero.com/author/
